ID,Feature,Scenario,User,AI,Judgement,Critique
1,Product order,Order Tracking,Track an order,"For purchases made directly from our website, you can track your order by clicking on this link: Track my order. Log in if you haven’t already, then follow the instructions.
If your parcel is marked as “available for collection,” it means it is ready and waiting for you at your pickup point.
If you can’t find your order, first check whether you received an order confirmation email. If your order requires manual processing, it may not yet be confirmed. In that case, it’s recommended to contact customer service for more information.
For orders placed with our Marketplace sellers on our website, you need to wait for the seller to confirm your order. Once confirmed, you’ll receive an email notifying you that your order is being prepared. Then, when your order is shipped, you’ll receive another email with the shipping confirmation.
If you have questions or want to modify your order, you can use the “Have a question” button in your order tracking. Note that if your order is already being prepared, the seller may not be able to make any changes.",PASS,"The AI's response comprehensively covers how to track an order for both direct purchases from the website and those made through the Marketplace. The detailed guidance includes steps such as using a specific link to track the order, checking for a confirmation email, and the procedures to follow if the order hasn't been confirmed yet. This aligns well with the provided documentation and successfully addresses the user's inquiry regarding order tracking.

Key Reasons for Passing:
Accurate Process Description for the website Orders: The AI accurately instructs users on how to track their website orders, including using the provided link and logging in, which matches the steps outlined in the website documentation. It also correctly advises users to check for a confirmation email and to contact customer service if there are issues, which are appropriate steps mentioned in the documentation.

Clear Guidance for Marketplace Orders: The response outlines the specific steps involved when dealing with orders from the Marketplace, such as waiting for the seller to confirm the order and watching for subsequent emails that indicate the order status. This reflects the actual process described in the Marketplace documentation.

Inclusion of Troubleshooting Steps: By advising users to contact customer service if they encounter issues or cannot find their order, the AI provides a practical step that enhances user support, aligning with the standard procedures for issue resolution.

Areas for Improvement:
Direct Links and Contact Information: While the response mentions using specific links and contacting customer service, it could be improved by directly providing these links or specifying where users can find the contact information, thereby making the guidance more actionable.

Explicit Mention of Messaging System for Marketplace: The response could explicitly mention the use of the messaging system available in the buyer's account for directly contacting the vendor regarding Marketplace orders, which is a significant aspect of the buyer-vendor communication process described in the Marketplace documentation.

Additional Details on Potential Order Issues: Including brief information on potential delays or issues that might arise if there's a problem with the order's confirmation or payment could set proper expectations for the user and provide a more comprehensive overview of the order process.

Conclusion:
The AI response effectively meets the user's need by providing detailed, accurate instructions on how to track orders from both the website and its Marketplace. The response is well-aligned with the provided documentation, ensuring that the user receives reliable and practical information. Minor enhancements could improve clarity and comprehensiveness, but these do not detract from the overall quality and utility of the answer, warranting a pass."
2,Product order,Delivery Options,"Hello, is it possible to schedule a delivery?","For purchases made directly from our website, it is possible to schedule a delivery. When placing your order, you’ll be able to choose between different delivery options depending on the size of your parcel and your address.
For small items, delivery can be made to a pickup point or to your home, with lead times ranging from 1 to 7 business days.
For large items, home delivery may take 8 to 12 business days. Make sure to check the specific details during checkout.
If you purchase from one of our Marketplace sellers, please note that delivery terms may vary from one seller to another, as each seller chooses their own carrier. To verify the specific delivery terms for your order, consult the product detail page of the selected item.
Don’t forget to check the condition of your goods upon receipt and refuse the parcel if it is damaged.",FAIL,"The user's question is clear and straightforward: they want to know if it is possible to schedule a delivery. This implies a desire for information about whether delivery appointments or specific delivery dates can be arranged, rather than general details about delivery methods or timelines. The AI response fails to adequately address this primary intent.

Key Reasons for Failure:
Lack of Specificity on Scheduled Deliveries: The AI response does not explicitly state whether it is possible to schedule a delivery date or time, which is the core of the user's query. Instead, it provides generic information about delivery methods and timelines for both the website and Marketplace orders, which does not directly answer the question.

Irrelevant Information: The response includes information about delivery modes (e.g., point of withdrawal, home delivery, timelines for small and large products) that, while accurate, is not pertinent to the user's intent of scheduling a delivery. Similarly, the information about checking the condition of merchandise upon delivery is unrelated to the user's query.

Missed Opportunity to Reference Applicable Policies: The provided documentation does not explicitly mention the ability to schedule delivery appointments for small products, but it does state that for large products delivered to the user's home, scheduling is required for delivery (""when making an appointment for home delivery""). The AI response fails to mention this important detail, which would have partially addressed the user's question.

How the Response Could Be Improved:
Directly Address the User's Question: Clearly state whether scheduling a delivery is possible for both small and large products. For example:

""Yes, it is possible to schedule a delivery for bulky items sold and shipped by the website. When ordering, you will be able to arrange an appointment with the carrier to agree on a date."" ""For small products, delivery is generally made without a specific appointment, but you can track your package to estimate its arrival date.""

Clarify Marketplace Exceptions: For Marketplace orders, explain that delivery scheduling depends on the individual seller, and users should check the product page or contact the seller for details.

Remove Irrelevant Details: Eliminate general information about delivery modes and timelines unless it directly supports the answer to the user's query.

Reference Documentation: Highlight policies about scheduling deliveries for large products and mention that scheduling is not explicitly stated for small products.

Conclusion:
The AI response fails because it does not directly address the user's primary intent—whether delivery scheduling is possible. Instead, it provides general delivery information that, while accurate, is not relevant to the user's question. This oversight misleads the user by not providing clarity on an essential aspect of delivery services."
3,Product order,Order cancellation,"I would like to cancel my order, please.","For purchases made directly from our website, once an order is confirmed, it cannot be canceled. However, you can refuse delivery or return your order upon receipt to obtain a refund.
If your item is still in “pending” status, you can cancel it via your order tracking.
For Marketplace orders, the possibility of cancellation depends on the preparation status. Check your order tracking and use the “Have a question” button to contact the seller.
If cancellation isn’t possible, you’ll need to wait for delivery and then follow the return procedure. The refund will be processed within 14 days from the date the returned item reaches the seller’s warehouse.",PASS,"Critique:
The user’s question, ""I want to cancel my order,"" is straightforward and indicates their intent to cancel an order. The AI response provides a clear and accurate explanation of the cancellation process for both orders made directly with the website and those made through Marketplace sellers. The response aligns well with the provided policies and adequately addresses the user’s need.

Key Reasons for Passing:

Accurate Explanation of Cancellation for Website Orders:
The AI response correctly explains that orders made directly through the website cannot be canceled once validated. Instead, users can refuse delivery or return the item upon receipt, as outlined in the policies. Additionally, it mentions that cancellation is possible if the item is still in the “pending” status, which is directly supported by the documentation.

Clear Guidance for Marketplace Orders:
The response accurately states that the ability to cancel Marketplace orders depends on the seller and the order's preparation status. It advises the user to check their order status and contact the seller using the provided tools (e.g., “you have a question” button), which is consistent with the Marketplace policies.

Inclusion of Relevant Refund Information:
The AI mentions that if cancellation is not possible, the user can return the item after receipt and outlines the timeframe for refunds (14 days after the seller receives the item). This information is accurate and helpful.

Alignment with Documentation:
All aspects of the AI response are corroborated by the available policies. For example:

Website orders cannot be canceled once validated (§11.1).

Cancellation is possible for items in “pending” status (§11.2).

For Marketplace orders, the process depends on the seller, and contacting them via the messaging system is recommended (§Marketplace DOC, Articles 6 and 11).

Areas for Improvement:

Additional Clarity on Refund Timelines for Website Orders:
While the AI mentions a refund timeframe of 14 days for Marketplace returns, it does not provide the corresponding information for website orders. Adding that refunds for website items typically take 2–3 weeks after the item is returned would make the response more complete.

Simplify Language:
The response could be slightly simplified to make it more user-friendly. For instance, the explanation about Marketplace orders could be more concise: “For Marketplace orders, cancellation depends on the seller. Check your order status and contact the seller using the ‘you have a question’ button if needed.”

Highlighting Return Costs:
The AI could have briefly mentioned that return shipping costs may apply for both website and Marketplace orders unless otherwise specified.

Conclusion:
The AI response successfully addresses the user’s primary intent by clearly outlining the cancellation process for both website and Marketplace orders. It provides accurate, actionable guidance that aligns with the policies, meeting the user’s needs. While there are areas where the response could be slightly refined for added clarity and completeness, these do not detract from the overall utility of the answer. Thus, it passes."
4,Product order,Lost Package,Lost package / missing parcel.,"For purchases made directly from our website, if your parcel is lost, we recommend checking your order tracking at: https://move.app.link/order_tracing
.
If the status shows “cancelled” or “out of stock,” please contact our customer service for assistance.
For Marketplace orders, if you haven’t received your item within the expected timeframe, contact the seller — ideally via our website’s messaging system. This allows the seller to extend the delivery period if needed.
If, after the extension, you still haven’t received your order (and the issue isn’t your fault, such as an incorrect address), you may cancel the sale by contacting the seller, who will then request a refund from our website.",FAIL,"Critique:
The user’s query, ""lost parcel,"" indicates a clear concern regarding a missing package. The AI response should have provided actionable steps to address this issue, including guidance on verifying delivery status, contacting the appropriate parties, and initiating a resolution. While the response contains some relevant information, it fails to provide a comprehensive and accurate resolution process for the user's concern.

Key Reasons for Failure:

Incomplete and Misleading Guidance for Website Orders:
The response suggests checking the delivery status using a tracking link and contacting customer service if the order is marked as “canceled” or “sold out.” However, this is an oversimplification of the process. The documentation specifies that users should verify the delivery status and ensure the delivery location is correct. If an anomaly is detected (e.g., a lost parcel), users are instructed to contact customer service for assistance
The AI fails to explicitly address the scenario of a lost parcel (as opposed to canceled or unavailable items), which is the user's main concern.

Limited Guidance for Marketplace Orders:
While the response correctly states that users should inform the Marketplace seller and allow for a reasonable delay, it does not fully explain the process outlined in the documentation. For example:

Users should contact the seller through the website messaging system.

If the seller cannot resolve the issue within the additional timeframe, users can escalate the matter to cancel the order and request a refund.
The response fails to emphasize the importance of verifying the accuracy of the delivery address and documenting the issue with the seller.

No Mention of Alternative Resolutions:
The AI does not address the possibility of initiating claims for lost parcels with the carrier or obtaining assistance from the website if the seller fails to respond adequately. This omission leaves the user without a clear path forward if the initial steps fail.

Lack of Empathy and Reassurance:
The response is functional but lacks empathy, which is important when addressing a customer’s issue with a lost parcel. A reassuring tone and acknowledgment of the inconvenience would improve the user experience.

How the Response Could Be Improved:

Provide Complete Steps for Website Orders:
Clearly outline the process for addressing a lost parcel:

“Access your order tracking to verify the delivery status and ensure the delivery address is correct.”

“If your parcel is marked as delivered but you did not receive it, or if the tracking is not progressing, contact the website’s customer service to report the issue.”

Clarify Marketplace-Specific Actions:
Include the following steps:

“For Marketplace orders, contact the seller via the website’s messaging system by clicking the ‘Do you have a question?’ button in your order tracking.”

“If the seller cannot resolve the problem within a reasonable timeframe, you may request cancellation of the sale and a refund through the messaging system.”

Mention Escalation and Claims:

For website orders: Suggest contacting the carrier if applicable and provide steps for escalating the issue if the initial resolution fails.

For Marketplace orders: Emphasize that if the seller does not resolve the issue, users can involve the website as a mediator.

Use a Reassuring Tone:
Add empathy to the response, such as: “We understand that losing a parcel is frustrating, and we’re here to help you resolve the issue quickly.”

Align with Documentation:
Ensure that all steps are directly supported by the provided policies, such as contacting customer service or the seller depending on the type of order."
5,Product order,Modify Order Before Shipment,"Hello, I would like to change the size of a product that I just ordered and that has not yet been shipped.","For purchases made directly from our website, if you want to change the size of a product that you ordered but hasn’t yet shipped, it’s best to contact our website customer service.
They can help you modify your order before dispatch. You can also check your online account to see if you can make changes directly.
If your order was placed with a Marketplace seller, contact the seller directly viaour website messaging system.
Click the “Have a question?” button in your order tracking, then select “Contact the Seller” to request the size change before shipment.",FAIL,"Critique:
The user’s question is clear: they want to change the size of a product in a recently placed order that has not yet been shipped. The AI response attempts to provide guidance for both orders placed directly with the website and those made via Marketplace sellers. However, it fails to align with the documented policies and provides misleading advice, leading to a failure in addressing the user's specific intent.

Key Reasons for Failure:

Incorrect Information for Orders with the Website:
The response incorrectly advises the user to contact the website’s customer service to modify the size of the product. According to the policies, orders cannot be modified once validated. The correct approach would have been to cancel the item if it is still in “pending” status and then reorder the correct size.

Incomplete Guidance for Marketplace Orders:
While the response correctly mentions contacting the seller via the Marketplace messaging system, it does not clarify that modifications may not always be possible, especially if the order is already in preparation. Additionally, it omits guidance on how to proceed if the seller cannot accommodate the request (e.g., waiting for delivery and initiating a return).

Failure to Provide Policy-Compliant Solutions:
The response does not align with the documented process for handling changes to an order. For website orders, the user should be instructed to cancel the item (if possible) and reorder the correct size. For Marketplace orders, the user should be informed about the limitations on modifications and alternative solutions, such as returning the item after receipt.

Lack of Clarity and Actionable Steps:
The response does not provide clear, actionable steps for the user. For example, it does not explain how to check if the item is still in “pending” status or how to cancel the item from their account.

Misleading Suggestions:
Advising users to contact customer service or the seller to modify an order creates false expectations, as the policies explicitly state that modifications are generally not possible once an order is placed.

How the Response Could Be Improved:

Accurate Guidance for Website Orders:
Inform the user that modifications are not possible but provide a clear alternative:
“Orders placed with the website cannot be modified once validated. However, if your item is still in ‘pending’ status, you can cancel it from your order tracking by clicking ‘Cancel this item.’ You can then place a new order for the desired size.”

Clear Instructions for Marketplace Orders:
Provide accurate and policy-compliant guidance:
“For orders placed with Marketplace sellers, modifications depend on the seller. You can contact the seller via the website’s messaging system by clicking the ‘Do you have a question?’ button in your order tracking. If the seller cannot make the change, you will need to wait for the item to arrive and then follow the return process to obtain a refund.”

Highlight Limitations and Alternatives:
Clearly communicate that modifications are generally not possible after validation or once the order is in preparation. Offer alternatives, such as cancellation or return options.

Avoid Misleading Advice:
Remove the suggestion to contact customer service to modify a website order, as it is not supported by the policies.

Empathy and Reassurance:
Acknowledge the inconvenience and provide reassurance:
“We understand that needing a different size can be frustrating. Although modifications are not possible once the order is validated, we are here to help you find the best available solution.”"
6,Return Management,Initiate Product Return,How to return a product.,"For purchases fromour website, you can return small items for free within 30 days.
Go to “Track my orders”, select the order you want to return, and click “Return an item”.
You can choose between:
Smart Return (no label to print, QR code sent by email), or
Standard Return (printable label).
For large items, you can arrange a free home collection by logging into your account and scheduling the pickup.
For Marketplace purchases, you have a 14-day withdrawal period from the date of receipt.
You must inform the seller of your decision via our website’s messaging system or by completing the standard withdrawal form.
The product must be returned to the address provided by the seller within 14 days after notification.
Return costs are usually your responsibility unless otherwise stated in the seller’s special conditions.
You will be refunded the product price and standard delivery costs, except for personalized or perishable items.",PASS,"Critique:
The user’s question, ""How to return a product,"" seeks general guidance on the return process for a purchased item. The AI response provides a comprehensive explanation of the return procedures for both the website and Marketplace purchases, addressing key aspects such as timelines, methods, and conditions. The response is accurate, relevant, and actionable, making it a good match for the user’s query. However, there are minor areas where the response could be improved for greater clarity and completeness.

Key Reasons for Passing:

Accurate Explanation for Website Products:
The response correctly outlines the return process for small and large items purchased directly from the website:

Small items can be returned for free within 30 days using either Smart Return (with a QR code) or Standard Return (with a printed label), as documented.

Large items are collected from the user’s home for free upon scheduling a pickup.

Clear Guidance for Marketplace Returns:
The AI correctly describes the 14-day right of withdrawal for Marketplace purchases. It also explains that the user must notify the seller via the website’s messaging system or a formal withdrawal form and return the product to the address provided by the seller. The response highlights that return shipping costs are typically the user’s responsibility unless specified otherwise.

Alignment with Policies:
The AI aligns its guidance with documented policies, such as the 30-day return window for website products and the 14-day right of withdrawal for Marketplace products. It also mentions the exclusions for customized or perishable products.

Actionable Steps:
The response provides clear steps for initiating a return, such as navigating to “Track my orders,” selecting the item, and choosing a return method. For Marketplace returns, it specifies the need to contact the seller via the messaging system.

Comprehensive Coverage:
The response addresses both small and large items for website purchases and clarifies the process for Marketplace returns, ensuring all scenarios are covered.

Areas for Improvement:

Clarify Refund Timelines:
While the AI mentions that refunds for website items are processed within 14 days, it does not specify the typical refund timeline for Marketplace items, which may be up to 14 days after the seller receives the returned product (§Marketplace DOC, Article 11).

Emphasize Return Costs for Marketplace Orders:
Although the response mentions that return costs are generally the user’s responsibility for Marketplace purchases, it could highlight this point more prominently to prevent misunderstandings.

Highlight Return Exclusions:
The response briefly mentions exclusions (e.g., personalized or perishable products) but could provide additional detail on other excluded items, such as those unsealed for hygiene reasons.

Tone and Empathy:
While the response is clear and professional, adding a touch of empathy—for example:
“We understand that returning an item may sometimes be necessary, and we’re here to help you through the process.”
—could enhance the user experience.

Conclusion:
The AI response provides accurate and actionable guidance on how to return a product for both website and Marketplace purchases. It addresses the user’s query comprehensively and aligns well with the documented policies. While there are minor areas for improvement, such as clarifying refund timelines for Marketplace orders and emphasizing return exclusions, these do not detract from the overall quality of the response. Thus, it passes."
7,Return Management,Request Refund,How can I get refunded?,"For purchases made directly from our website, you must return the item in its original condition within the 30-day return period.
Once the return is received, the refund will be issued using the same payment method as the order:
About 14 days for items returned via a pickup point or collected at home.
About 3–4 weeks for items returned through the post.
You’ll receive an email confirmation once your refund has been processed.
For Marketplace purchases, you have a 14-day withdrawal period from receipt of the product.
Return the item (with all accessories) to the seller’s address and notify them of your withdrawal through our website messaging or via the withdrawal form.
Return costs are your responsibility unless stated otherwise.
Refunds are processed within 14 days following the withdrawal request using the same payment method.",PASS,"Critique:
The user’s question, ""How do I get a refund,"" implies a need for guidance on obtaining a refund, which could apply to both the website and Marketplace purchases. The AI response provides a clear and concise explanation of the refund process for both types of purchases, addressing timelines, conditions, and the methods by which refunds are processed. The response aligns well with the policies and sufficiently meets the user’s intent.

Key Reasons for Passing:

Accurate and Comprehensive Guidance for Website Purchases:

The AI correctly outlines the conditions for a refund, stating that the product must be returned in its original condition within the 30-day withdrawal period.

It provides accurate timelines for refunds:

Approximately 14 days for items returned via a collection point or home pickup.

3–4 weeks for items returned via the postal service.

The AI correctly states that refunds are processed using the original payment method, including re-crediting gift cards if applicable.

Accurate Guidance for Marketplace Purchases:

The AI correctly explains the right of withdrawal for Marketplace purchases, which is 14 days from the date of receipt.

It specifies that the product must be returned intact, with all accessories, and that the user must notify the seller of their decision to withdraw via the messaging system or a withdrawal form.

The AI accurately mentions that return costs are typically the user’s responsibility unless stated otherwise.

Alignment with Documentation:
The AI response aligns with the documented refund policies for both website and Marketplace purchases, addressing the conditions, timelines, and processes involved.

Actionable Steps:
The response provides clear steps for initiating the refund process, such as returning the product, notifying the seller (for Marketplace orders), and waiting for the refund to be processed within the specified timeframes.

Conciseness and Relevance:
The response avoids unnecessary details and focuses on the most critical information needed to address the user’s query.

Areas for Improvement:

Clarification of Refund Timelines for Marketplace Orders:
While the AI mentions that refunds for Marketplace purchases are processed within 14 days of the withdrawal request, it could clarify that this timeline typically begins after the seller receives the returned item.

Emphasis on Exclusions:
The AI briefly mentions the need to return products in their original condition but could explicitly highlight exceptions, such as personalized or perishable items, which are not eligible for refunds.

Empathy and Reassurance:
Adding a reassuring tone to acknowledge the user’s concern would improve the response, for example:
“We understand that you want to be refunded quickly, and we’re here to help guide you through the process.”

Mention of Refund Tracking:
The AI could have suggested that users track their refund status via their order history or contact customer service if there are delays.

Conclusion:
The AI response effectively addresses the user’s query by providing accurate and actionable information on how to obtain a refund for both website and Marketplace purchases. While there are minor opportunities for improvement, such as clarifying Marketplace refund timelines and emphasizing exclusions, these do not detract from the overall quality and utility of the response. Thus, it passes."
8,Return Management,Seller Non-Response,You replied to me one week ago that the seller  would contact me.,"For purchases from Marketplace sellers, you must contact the seller directly for any complaint or after-sales request.
This can be done through our website messaging system.
The seller is responsible for handling your issue without our website intervention.
If you are a direct our website customer, you can also submit an after-sales request directly on our website.
A customer advisor will contact you as soon as possible.",FAIL,"critique:
The user’s question indicates frustration and seeks follow-up on a previous interaction where they were informed that the seller would contact them. The AI response provides generic instructions for contacting the seller and handling Marketplace disputes but fails to address the specific context of the user's query. This oversight results in a response that does not fully meet the user's needs or expectations.

Key Reasons for Failure:

Failure to Address the User’s Specific Context:
The user explicitly mentions a prior communication where they were told the seller would contact them. The AI response completely ignores this detail and provides generic guidance on how to contact a Marketplace seller. This does not address the user’s immediate concern, which is about a lack of follow-up from the seller.

Lack of Escalation Guidance:
According to the policies, if a Marketplace seller fails to respond or resolve an issue, the user should escalate the matter to the website’s customer service. The AI response does not mention this option, leaving the user without a clear resolution path.

Misleading Information:
The response implies that the user should initiate contact with the seller again, even though the seller was already supposed to reach out. This creates unnecessary repetition for the user and risks further frustration.

Generic and Repetitive Information:
The response repeats basic instructions for contacting a seller via the website’s messaging system, which are likely already known to the user given their prior interaction. This repetition adds no value and fails to move the issue forward.

How the Response Could Be Improved:

Acknowledge the User’s Concern:
Begin by acknowledging the user's frustration:
“We are sorry that the seller has not contacted you as expected.”

Provide Next Steps for Escalation:
Include clear instructions on what to do if the seller has not responded:

“If the seller Isotoner has still not contacted you, we recommend sending a follow-up message via the website’s messaging system by clicking ‘Do you have a question?’ in your order tracking.”

“If you still do not receive a response within 48 hours after the follow-up, please contact our customer service at the provided phone number, so they can assist you in resolving the issue.”

Set Expectations:
Inform the user about expected response times and the possibility of involving a mediator if the issue remains unresolved:
“Marketplace sellers commit to responding within 48 hours. If the dispute persists, you may also seek assistance from the E-commerce Mediator”

Empathy and Reassurance:
Use a more empathetic tone to reassure the user:
“We understand your frustration, and we are committed to helping you resolve this issue quickly.”

Conclusion:
The AI response fails to address the specific context of the user’s query and does not provide actionable next steps for resolving the issue. By ignoring the prior communication and offering only generic guidance, the response fails to meet the user’s needs or expectations. A more tailored and empathetic response, including escalation options, is required to resolve the issue effectively. Thus, the response fails."
9,Payment Options,Access to invoice,Download an invoice.,"To download your invoice, first log in to your customer account.
Then go to https://move.app.link/order_tracing
and select the relevant order.
If your order was shipped more than 5 days ago, you’ll see the option “Download my invoice”.
You can then save or print it.
If your order was shipped by a Marketplace seller, contact them through your account using the “I have a question” button to obtain your invoice.",PASS,"Critique:
The AI's response effectively instructs the user on how to download an invoice for both orders made directly through the website and those processed through Marketplace sellers. The guidance provided is clear, direct, and aligns well with the steps outlined in the website’s documentation.

Key Reasons for Passing:

Accurate Instructions for Website Orders:
The AI response correctly details the steps for obtaining an invoice for orders made directly from the website. This includes logging into the account, navigating through the provided link, selecting the relevant order, and downloading the invoice if the order has been shipped for more than 5 days. These steps are consistent with the instructions specified in the documentation.

Clear Guidance for Marketplace Orders:
For orders made through Marketplace sellers, the AI appropriately advises the user to contact the seller via the messaging system in their client space to request the invoice. This guidance correctly reflects the procedure for obtaining invoices from Marketplace sellers as indicated in the documentation.

Comprehensive Coverage:
The response covers all necessary aspects of the invoice retrieval process for both types of orders (direct and Marketplace), ensuring that users receive complete information relevant to their specific situation.

Areas for Improvement:

Direct Link Provision:
Although the AI mentions using a specific link to access the order tracking page, it could enhance user convenience by embedding the link directly in the response text, making it clickable and more accessible.

Clarification on Invoice Availability:
The response mentions that the invoice option appears if the order has been shipped for more than 5 days. It could further clarify that this condition applies specifically to website orders and not necessarily to Marketplace orders, where the process might vary depending on the seller.

Details on Communication with Marketplace Sellers:
While the response directs users to contact the seller for invoices on Marketplace orders, providing a brief explanation on how to use the “I have a question” button could improve user understanding and ease of use.

Conclusion:
The AI response successfully meets the user’s needs by providing detailed instructions on how to download invoices for both website and Marketplace orders. The information is accurate, actionable, and aligns with the provided documentation. While there are areas where the response could be slightly enhanced for clarity and user convenience, these do not detract from the overall effectiveness of the answer. Thus, it passes."
11,Payment Options,Accepted Payment Methods,What payment methods are accepted?,"For purchases on our website, the following payment methods are accepted:
Bank cards: Visa, Mastercard, American Express
PayPal: One-time payment or 4 interest-free installments
Apple Pay and Google Pay (depending on device compatibility)
Installment payment: 3 or 4 times without fees for purchases between €40 and €4000
Checks are no longer accepted. Your data is secured through encrypted servers.
",PASS,"Critique:
Introduction:
The user inquired about the payment methods accepted by the website. The AI response lists the various payment options available, including credit cards, and other methods, while providing some details about restrictions and compatibility. The response largely aligns with the available documentation and fulfills the user’s intent to understand the available payment methods. However, there are minor areas where the response could be improved for greater clarity and completeness.

Key Reasons for Passing:

Comprehensive Coverage of Payment Methods:
The AI response correctly includes the major payment methods accepted by the website, such as credit cards (Visa, Mastercard, American Express), PayPal, Apple Pay, Google Pay.

Security Emphasis:
The AI highlights that payment data is secured using encryption, which is an important reassurance for users.

Alignment with Documentation:
The response aligns well with the detailed information provided in the documentation about the various payment methods and their conditions.

Structure and Readability:
The response could be better organized by grouping payment methods (e.g., credit cards, digital wallets) under clear headings or bullet points for improved readability.

Suggestions for Improvement:

Clearly group payment methods by type for better readability.


Conclusion:
The AI response effectively meets the user's intent by providing a comprehensive overview of the payment methods accepted by the website, including key restrictions and compatibility. While there are minor opportunities for improving clarity, structure, and completeness, these do not detract significantly from the overall adequacy of the answer. Therefore, the response earns a pass."